{
    "localizedName": "Blizzard",
    "description": "[sky]A strong iceris that fires a blizzard and snowballs witch are great for shrot range tier 1 combat." ,
    "type": "legs",
    "groundLayer": 75,
    "research": "a-orion",
	"speed": 0.5,
	"hitSize": 12,
	"health": 890,
	"armor": 7,
	"drag": 0.4,
	"faceTarget": true,
	"range": 180,
	"flying": false,
	"targetAir": true,
	"rotateSpeed": 3,
    "legTrns": 0.6,
	"legCount": 4,
	"legMoveSpace": 1.2,
	"legLength": 14,
	"visualElevation": 0.67,
	"allowLegStep": true,
	"hovering": true,
	"immunities": [
		"burning", 
		"melting",
		"freezing"
	],
	"weapons": [
  {
    "name": "laserbolt",
    "reload": 65,
    "mirror": true,
	"alternade": true,
    "x": 5,
    "y": -1,
    "shootY": 3,
    "recoil": 1.5,
    "shake": 1,
    "rotate": false,
    "shootSound": "artillery",
    "shootCone": 45,
			"bullet": {
              "type": "BasicBulletType",
              "width": 10,
			  "height": 7.5,
              "damage": 20,
			  "speed": 4.5,
			  "lifetime": 30,
			  "frontColor": "00ffe6ff",
			  "backColor": "00eed5ff",
			  "hitSound": "explosion"
			  "hitEffect":{
					  "type": "ParticleEffect",
					  "colorTo": "00ffe6ff",
					  "sizeFrom": 3,
					  "sizeTo": 0.2
				  },
				  "despawnEffect":{
					  "type": "ParticleEffect",
					  "colorTo": "00ffe6ff",
					  "sizeFrom": 3,
					  "sizeTo": 0.2
				  },
			  "fragBullets": 5,
			  "fragBullet": {
				  "damage": 7,
				  "lifetime": 5,
				  "width": 7.5,
				  "height": 5
				  "hitEffect":{
					  "type": "ParticleEffect",
					  "colorTo": "00ffe6ff",
					  "sizeFrom": 1,
					  "sizeTo": 0.2
				  },
				  "despawnEffect":{
					  "type": "ParticleEffect",
					  "colorTo": "00ffe6ff",
					  "sizeFrom": 1,
					  "sizeTo": 0.2
				  },
				  "splashDamageRadius": 10,
				  "splashDamage": 5,
				  "status": "freezing",
				  "statusDuration": 160,
				  "frontColor": "00ffe6ff",
				  "backColor": "00eed5ff",
				  "speed": 5,
				  "hitEffect":{
					  "type": "ParticleEffect",
					  "colorTo": "00ffe6ff",
					  "sizeFrom": 2,
					  "sizeTo": 0.2
				  },
				  "despawnEffect": {
					"type": "ParticleEffect",
					"colorTo": "00ffe6ff",
					"sizeFrom": 2,
					"sizeTo": 0.2  
				  }
				  
			  },
			}
		},
		{
    "name": "bolter",
    "reload": 10,
    "mirror": true,
	"alternade": true,
    "x": 7.5,
    "y": -3,
	"inaccuracy": 30,
	"shots": 6,
	"shotDelay": 0.5,
    "shootY": 3,
    "recoil": 0.5,
    "rotate": true,
    "shootSound": "flame",
    "shootCone": 45,
			"bullet": {
              "type": "BasicBulletType",
              "collidesAir": true,
              "speed": 1,
			  "pierce": true,
              "damage": 3,
              "width": 0.1,
              "height": 0.1,
			  "status": "freezing",
			  "statusDuration": 300,
			  "shootEffect": {
              "type": "ParticleEffect",
              "particles": 30,
              "sizeFrom": 5,
              "sizeTo": 0,
              "length": 50,
              "lifetime": 58,
              "interp": "circleOut",
               "colorFrom": "ffffffff",
               "colorTo": "00ffe6ff",
                "cone": 45
                               },
			  "incendAmount": 0,
			  "incendChance": 0,
			  "incendSpread": 0,
			  "makeFire": "false",
			  "lifetime": 30,
			  "frontColor": "ffffffff",
			  "backColor": "00eed5ff",
			  "hitSound": "explosion"
			  "hitEffect":{
					  "type": "ParticleEffect",
					  "colorTo": "00ffe6ff",
					  "sizeFrom": 3,
					  "sizeTo": 0.2
				  },
				  "despawnEffect":{
					  "type": "ParticleEffect",
					  "colorTo": "00ffe6ff",
					  "sizeFrom": 3,
					  "sizeTo": 0.2
				  },
			}
		}
	]
}
