{
        "localizedName": "Grenade",
	"description": "[gold] Drops small eletric cluster bombs on ground targets.",
        "research": "horizon",
        "speed": 3,
        "accel": 0.04,
        "drag": 0.10,
        "flying": true,
        "health": 170,
        "armor": 1,
        "engineOffset": 5.5,
        "range": 140,
        "targetAir": false,
        "commandLimit": 1,
        "circleTarget": true,
		"faceTarget": false
	    "weapons": [
		{
    "name": "grenade-bomber",
    "shootCone": 0,
    "mirror": true,
	"shots": 2,
	"xRand": 3,
	"shotDelay": 1,
	"rotate": true,
	"rotateSpeed": 40,
    "top": true,
    "x": 3,
    "y": 0,
    "reload": 16,
    "shootSound": "none",
	"hitSound": "explosion",
	"width": 15,
	"height": 15,
	"collidesAir": false,
    "bullet": {
    "type": "BombBulletType",
    "buildingDamageMultiplier": 1.70,
	"hitEffect": {
	"type": "ParticleEffect",
	"colorTo": "F3E979FF",
	"sizeFrom": 5,
    "sizeTo": 0.01
	},
	"despawnEffect": {
	"type": "ParticleEffect",
	"colorTo": "F3E979FF",
	"sizeFrom": 5,
    "sizeTo": 0.01
	},
	"ejectEffect": "none"
	"shootEffect": "none"
    "damage": 3,
	"speed": 0.2
	"frontColor": "F3E979FF",
    "backColor": "ECD36FFF",
    "trailColor": "ECD36FFF",
    "lifetime": 80,
	"shrinkY":0.79
	"lightning": 6,
	"lightningDamage": 6,
	"lightningCone": 360,
	"lightningLength": 3,
	"lightningLengthRand": 2.5,
	"lightningColor": "F3E979FF",
	"splashDamageRadius": 25,
	"splashDamage": 40,			
			}
		}
	]
}
