{
        "localizedName": "Dynamite",
	"description": "[gold] Drops 2 small bombs and one large bomb",
        "research": "a-theory",
        "speed": 3,
        "accel": 0.1,
        "drag": 0.5,
        "flying": true,
        "health": 780,
        "hitSize": 9,
        "armor": 4,
        "engineOffset": 7.8,
        "range": 180,
        "targetAir": true,
        "commandLimit": 8,
		"circleTarget": true
        "faceTarget": false,
	    "weapons": [
	   {
  "name": "dyanmite-smalbomb",
    "shootCone": 0,
    "mirror": true,
    "alternate": false,
	"rotate": true
	"rotateSpeed": 40
	"top": false
    "x": 5,
    "y": 1.8,
	"width": 3
    "reload": 5,
    "recoil": 0.5,
    "shootSound": "sap",
    "bullet": {
    "buildingDamageMultiplier": 1.3,
    "shootEffect": "shootHealYellow",
    "despawnEffect": "shockwave",
    "type": "BasicBulletType",
    "damage": 1,
    "speed": 0.1,
	"width": 10
	"height": 10
	"shrinkY": 0.5
	"splashDamageRadius": 10
	"hitEffect": "shockwave"
	"splashDamage": 3
    "frontColor": "F3E979FF",
    "backColor": "F3E979FF",
    "lifetime": 35
    }
  },
  {
    "name": "dynamite-bomber",
    "shootCone": 0,
    "mirror": false,
    "top": false,
    "rotate": true
	"rotateSpeed": 40
    "x": 0,
    "y": -2.3,
    "reload": 18,
	"width": 20
	"height": 20
    "recoil": 0.5,
    "shootSound": "missile",
    "bullet": {
    "keepVelocity": false,
    "type": "BasicBulletType",
    "buildingDamageMultiplier": 1.3,
    "shootEffect": "shootHealYellow",
    "damage": 25,
	"shrinkY": 0.5
    "speed": 0.1,
	"hitEffect": "shockwave"
	"frontColor": "F3E979FF",
    "backColor": "ECD36FFF",
    "trailColor": "ECD36FFF",
    "lifetime": 55,
	"splashDamageRadius": 10,
	"splashDamage": 8,			
    "lightning": 3,
    "lightningDamage": 8,
    "lightningLength": 5,
    "lightningCone": 360,
    "lightningLengthRand": 8
			}
		}
	]
}
