{	
    "localizedName": "Blast compressor",
    "description": "Mixes together blast compound, pyratite and coal to create a highly explosive compound",
	"type": "GenericCrafter",
	"size": 4,
	"hasPower": true,
	"hasLiquids": false,
	"hasItems": true,
	"craftTime": 100,
	"itemCapacity": 30,
	"craftEffect": "blastsmoke",
	"updateEffect": "smeltsmoke",
	"updateEffectChance": 0.05,
	"consumes": {
		"power": 2,
		"items": {
			"items": [
				{"item": "pyratite", "amount": 8},
				{"item": "blast-compound", "amount": 10},
				{"item": "coal", "amount": 5}
			]
		}
	},
	"requirements": [
		{"item": "silicon", "amount": 130},
		{"item": "lead", "amount": 230},
		{"item": "titanium", "amount": 360},
		{"item": "graphite", "amount": 180}
	],
	"category": "crafting",
	"research": "blast-mixer",
	"outputItem": {
		"item": "azuid-azide",
		"amount": 4
	}
}
