{	
    "localizedName": "Gamma radiation forge",
	"description": "Uses extreme amounts of gamma radiation to irradiate and melt materials in to gamma alloy",
	"type": "GenericSmelter",
	"size": 3,
	"hasPower": true,
	"hasLiquids": false,
	"hasItems": true,
	"itemCapacity": 30,
	"craftTime": 150,
	"flameColor": "DBFFBDFF",
	"craftEffect": "healWave",
	"updateEffect": "none",
	"consumes": {
		"power": 2,
		"items": {
			"items": [
				{"item": "xanium", "amount": 8},
				{"item": "surge-alloy", "amount": 5},
				{"item": "thorium", "amount": 12}
			]
		}
	},
	"requirements": [
		{"item": "silicon", "amount": 160},
		{"item": "plastanium", "amount": 160},
		{"item": "thorium", "amount": 140},
		{"item": "titanium", "amount": 160},
		{"item": "graphite", "amount": 140}
	],
	"category": "crafting",
	"research": "alloy-smelter",
	"outputItem": {
		"item": "gamma-green",
		"amount": 5
	}
}
