{
"name": "Sentinel",
"description": "[red]The core unit of the bulwark core it is quite sturdy and can defend the core pretty well",
"type": "mech",
"boostMultiplier": 1.6,
"canBoost": true,
"mineSpeed": 6,
"buildSpeed": 1,
"mineTier": 5,
"itemCapacity": 100,
"isCounted": false,
"armor": 8,
"hitSize": 13,
"mechFrontSway": 0.55,
"commandLimit": 6,
"speed": 0.36,
"flying": false,
"health": 2700,
"range": 120,
"immunities": [
		"burning"
		],
"weapons": [
  {
  "name": "brute-gun",
   "shootCone": 15,
    "mirror": true,
    "alternate": true,
    "top": false, 
    "x": 9,
    "y": -1.5,
    "shootY": 2,
    "shots": 6,
    "reload": 18,
    "shootSound": "missile",
    "recoil": 0.5,
    "bullet": {
    "type": "MissileBulletType",
    "shootEffect": "blastExplosion",
    "damage": 38,
    "speed": 3,
	"width": 4,
	"height": 12,
	"frontColor": "FF5845FF",
    "backColor": "CD4238FF",
    "trailColor": "CD4238FF",
    "lifetime": 45,
  	"homingPower": 1,
	"homingRange": 80,
	"weaveScale": 5,			
	"weaveMag": 2,
	"splashDamageRadius": 10,
	"splashDamage": 28

    }
  }
]
}
 
