{
"name": "Mean",
"description": "runs toward enemies and fires small shock bullets",
"research": {
"parent": "dagger",
"requirements": [
"surge-alloy/100",
"silicon/200"
]
},
"controller": "SuicideAI",
"type": "mech",
"mechSideSway": 0.25,
"armor": 1,
"commandLimit": 6,
"speed": 1.6,
"hitSize": 12,
"flying": false,
"health": 90,
"range": 40,
"immunities": [
		"slow"
		],
"weapons": [
  {
  "name": "boom",
    "reload": 24,
    "shootCone": 180,
    "ejectEffect": "casing1",
    "shootSound": "missile",
    "bullet": {
    "type": "BasicBulletType",
    "lightningColor": "F3E979FF",
    "lightning": 5,
    "lightningDamage": 28,
    "lightningLength": 6,
    "lightningCone": 360,
    "lightningLengthRand": 6,
    "hitEffect": "shootHealYellow",
    "lifetime": 30,
	"frontColor": "ffff00ff"
	"backColor": "cccc00ff"
    "speed": 4.5,
    "splashDamageRadius": 58,
    "instantDisappear": false,
    "splashDamage": 98,
    "killShooter": false,
    "hittable": false,
    "collidesAir": true
     }
  }
]
}

